INSERT INTO CarMakers (Title, Country) VALUES
('Toyota', 'Japan'),
('Honda', 'Japan'),
('Ford', 'USA'),
('Chevrolet', 'USA'),
('Tesla', 'USA'),
('BMW', 'Germany'),
('Audi', 'Germany'),
('Mercedes-Benz', 'Germany'),
('Volkswagen', 'Germany'),
('Subaru', 'Japan'),
('Nissan', 'Japan'),
('Hyundai', 'South Korea'),
('Kia', 'South Korea'),
('Mazda', 'Japan'),
('Lexus', 'Japan'),
('Acura', 'Japan'),
('Infiniti', 'Japan'),
('Cadillac', 'USA'),
('Lincoln', 'USA'),
('Volvo', 'Sweden');


INSERT INTO Cars (MakeId, Model, Year, Color, InStock, Price) VALUES
(1, 'Camry', 2020, 'Red', 1, 24000.00),
(2, 'Civic', 2019, 'Blue', 1, 22000.00),
(3, 'Mustang', 2021, 'Black', 0, 35000.00),
(4, 'Impala', 2018, 'White', 1, 18000.00),
(5, 'Model 3', 2022, 'Silver', 1, 40000.00),
(6, '3 Series', 2020, 'Gray', 0, 35000.00),
(7, 'A4', 2019, 'Blue', 1, 37000.00),
(8, 'C-Class', 2021, 'Black', 1, 42000.00),
(9, 'Passat', 2018, 'White', 1, 20000.00),
(10, 'Outback', 2022, 'Green', 1, 28000.00),
(11, 'Altima', 2020, 'Red', 1, 23000.00),
(12, 'Elantra', 2019, 'Blue', 1, 21000.00),
(13, 'Optima', 2021, 'Black', 0, 25000.00),
(14, '6', 2018, 'White', 1, 19000.00),
(15, 'ES', 2022, 'Silver', 1, 38000.00),
(16, 'TLX', 2020, 'Gray', 0, 36000.00),
(17, 'Q50', 2019, 'Blue', 1, 33000.00),
(18, 'CTS', 2021, 'Black', 1, 45000.00),
(19, 'MKZ', 2018, 'White', 1, 22000.00),
(20, 'S60', 2022, 'Green', 1, 31000.00);


INSERT INTO Reviews (CarId, Comment, Rating) VALUES
(1, 'Great car, very reliable!', 5),
(2, 'Good value for the price.', 4),
(3, 'Not as powerful as I expected.', 3),
(4, 'Comfortable and spacious interior.', 4),
(5, 'Amazing performance and technology.', 5),
(6, 'Luxury feel but a bit pricey.', 4),
(7, 'Stylish design and smooth ride.', 5),
(8, 'High-quality materials and features.', 5),
(9, 'Decent car but not very exciting.', 3),
(10, 'Perfect for outdoor adventures.', 4),
(11, 'Reliable and fuel-efficient.', 5),
(12, 'Affordable and practical.', 4),
(13, 'Good performance but lacks features.', 3),
(14, 'Fun to drive and great handling.', 5),
(15, 'Luxurious and comfortable.', 5),
(16, 'Solid performance but a bit expensive.', 4),
(17, 'Sleek design and powerful engine.', 5),
(18, 'High-end features but pricey.', 4),
(19, 'Comfortable but not very exciting.', 3),
(20, 'Safe and reliable with good performance.', 4),
(1, 'Had some issues with the infotainment system.', 3),
(2, 'Great fuel economy and smooth ride.', 5),
(3, 'Not the best choice for long trips.', 2),
(4, 'Spacious trunk and comfortable seats.', 4),
(5, 'Impressive acceleration and handling.', 5),
(6, 'Luxurious interior but a bit noisy.', 4),
(7, 'Sleek design and responsive steering.', 5),
(8, 'High-quality materials but a bit stiff ride.', 4),
(9, 'Decent car but lacks excitement.', 3),
(10, 'Perfect for family outings and road trips.', 5),
(11, 'Reliable and comfortable for daily commuting.', 5),
(12, 'Affordable and practical for city driving.', 4),
(13, 'Good performance but lacks advanced features.', 3),
(14, 'Fun to drive with great handling.', 5),
(15, 'Luxurious and comfortable for long drives.', 5),
(16, 'Solid performance but a bit expensive.', 4),
(17, 'Sleek design and powerful engine.', 5),
(18, 'High-end features but pricey.', 4),
(19, 'Comfortable but not very exciting.', 3),
(20, 'Safe and reliable with good performance.', 4);
